bids_name	cjv	cnr	efc	fber	fwhm_avg	fwhm_x	fwhm_y	fwhm_z	icvs_csf	icvs_gm	icvs_wm	inu_med	inu_range	qi_1	qi_2	rpve_csf	rpve_gm	rpve_wm	size_x	size_y	size_z	snr_csf	snr_gm	snr_total	snr_wm	snrd_csf	snrd_gm	snrd_total	snrd_wm	spacing_x	spacing_y	spacing_z	summary_bg_k	summary_bg_mad	summary_bg_mean	summary_bg_median	summary_bg_n	summary_bg_p05	summary_bg_p95	summary_bg_stdv	summary_csf_k	summary_csf_mad	summary_csf_mean	summary_csf_median	summary_csf_n	summary_csf_p05	summary_csf_p95	summary_csf_stdv	summary_gm_k	summary_gm_mad	summary_gm_mean	summary_gm_median	summary_gm_n	summary_gm_p05	summary_gm_p95	summary_gm_stdv	summary_wm_k	summary_wm_mad	summary_wm_mean	summary_wm_median	summary_wm_n	summary_wm_p05	summary_wm_p95	summary_wm_stdv	tpm_overlap_csf	tpm_overlap_gm	tpm_overlap_wm	wm2max
sub-c01_T1w	0.7387797152449687	0.8877337781475189	0.9633914812631694	14.295849800109863	3.294536666666667	3.42013	3.359	3.10448	0.18487392272542907	0.42128557179400045	0.3938405054805705	0.8067355751991272	0.14155101776123047		0.0	25.80106199479149	12.339922751245764	16.279074757165674	176	256	256	3.6616452207721513	9.89014291075874	12.9513931773005	25.30239140037061	1.9725296844246776	3.453337337102518	3.186524806477067	4.133707397904004	1.0	1.0	1.0	0.0	158.48368506099084	0.0	0.0	285725.0	0.0	0.0	160.24227580186422	6.2629274999756905	128.70756805358047	469.0137634277344	477.173583984375	12926.0	258.95796966552734	652.7743682861328	130.31167602539062	-0.2674776894338464	84.86848006991039	840.374755859375	835.3949584960938	32747.0	706.5288452148437	987.9158813476562	84.46614074707031	0.6723585002927925	36.725759990332506	1001.9248657226562	999.98291015625	240052.0	940.3884460449219	1070.19873046875	39.52119827270508	0.16478762030601501	0.418527752161026	0.4874586760997772	0.8984239540530596
sub-c02_T1w	0.45081622935390536	1.2783480446670565	0.9596037714895004	15.137598037719727	3.2547099999999998	3.30833	3.4731	2.9827	0.17422197090119484	0.42366071652523074	0.4021173125735744	0.8434699773788452	0.09911522269248962		0.0	29.010893108209096	13.079744358101038	16.90426591326542	176	256	256	3.0741908215731604	12.682144276559589	12.877735231242411	22.876870595594486	1.5672499260907051	2.7558213563060696	2.630119210633787	3.5672863495045863	1.0	1.0	1.0	0.0	183.64544933187526	0.0	0.0	281896.0	0.0	0.0	161.37264803476012	1.4838078017348026	168.15418454143935	425.076171875	439.3258056640625	8629.0	213.212890625	629.7824096679689	142.89950561523438	-0.01779307985974743	61.07092274390583	771.2224731445312	772.5018310546875	33096.0	668.5273895263672	868.6837310791016	60.91163635253906	0.3420386140200389	41.47485595777036	1001.4354858398438	999.96875	240171.0	931.9242553710938	1076.2567749023438	43.7108154296875	0.17972664535045624	0.4131260812282562	0.48900488018989563	0.9017939516332345
sub-c03_T1w	0.3493554337587762	1.5053980970508796	0.9552115269421821	11.746782302856445	3.1210066666666663	3.28443	3.19916	2.87943	0.16859198450955945	0.4709307822382182	0.36047723325222236	0.9942710399627686	0.11405867040157314		0.0	32.4040542526968	13.317244420324265	19.717497779950023	176	256	256	2.9681728676934847	13.535913883432483	12.471064323641137	20.909106219797444	1.934286590638832	3.1569444577842987	3.1444021971494323	4.341975543025165	1.0	1.0	1.0	0.0	150.8814168786896	0.0	0.0	199996.0	0.0	0.0	166.41843508553086	25.796928267927843	134.77346436483785	422.57440185546875	445.4765625	8977.0	216.24054565429688	589.8738281249999	150.07608032226562	0.053246082310392406	52.960136644853364	726.9276733398438	727.0612182617188	28741.0	637.1702270507812	814.6226806640625	53.71255874633789	1.0069730033804865	42.385601198746286	1001.0960693359375	999.980224609375	162278.0	924.1857696533203	1080.9548034667969	47.82495880126953	0.17762736976146698	0.46130236983299255	0.4968814253807068	0.8930740213178808
sub-c04_T1w	0.42164601683649205	1.4321845757506866	0.9618972486483931	5.451930522918701	3.242126666666666	3.3297	3.37396	3.02272	0.16906552796951857	0.4481334721642403	0.3828009998662411	1.0134937763214111	0.12385683059692376		0.0	30.03922195968184	12.740208499969754	17.571385174786553	176	256	256	3.067724964704089	13.054120392810242	13.037621579531086	22.99101938107893	1.4605251634103857	2.8481761952270865	2.6777094850136494	3.7244270964034762	1.0	1.0	1.0	0.0	175.89869409692108	0.0	0.0	236150.0	0.0	0.0	147.17891018475999	4.011707518626926	160.75529002276917	396.6487121582031	392.138916015625	11301.0	217.7364044189453	585.672607421875	127.82161712646484	0.0779276717160231	59.029901440292925	763.3602294921875	764.7117309570312	32563.0	666.3052001953125	856.8107543945313	58.57920455932617	0.6121749576158524	40.16911812134906	1001.3998413085938	999.9778442382812	192286.0	932.1229095458984	1075.9005126953125	43.49416732788086	0.18712276220321655	0.4439745843410492	0.4957435131072998	0.9021888184795416
sub-c05_T1w	0.38015407956517483	1.713630623861076	0.946825926369817	13.274626731872559	3.334723333333333	3.42212	3.51591	3.06614	0.17709053158386628	0.4461573135042839	0.3767521549118498	1.0096611976623535	0.12158957123756398		0.0	29.222132312962504	13.179404699690496	18.719385071720943	176	256	256	3.374716300162063	11.089160039612736	12.242283608884302	22.262974486878107	1.918020371485166	3.323152442828121	3.2933171234462484	4.638778556025458	1.0	1.0	1.0	0.0	141.2255181661405	0.0	0.0	230095.0	0.0	0.0	145.6009274412761	3.013835655609575	117.68374549719019	383.7078552246094	413.46112060546875	11386.0	183.53982543945312	543.410888671875	122.51191711425781	-0.12093000088750605	65.80839063608258	715.08349609375	716.3606567382812	26957.0	606.3483642578125	819.26123046875	64.59888458251953	0.47520964471152505	42.00522287687811	1000.0592651367188	999.9656982421875	191752.0	925.9992889404297	1073.965673828125	44.91596984863281	0.17564266920089722	0.4402132034301758	0.4937954246997833	0.9054971209986329
sub-c06_T1w	0.3926859183596294	1.6022882172874575	0.9496503059161289	20.934770584106445	3.395213333333333	3.56481	3.45261	3.16822	0.18222192880736507	0.4218619324550874	0.39591613873754755	0.9104299545288086	0.22931501269340515		0.0	18.015887877944913	8.593566850190877	11.413628547291744	176	229	200	3.7392377191338477	10.124903325036177	12.04356856103995	22.266564638949827	2.7321482187995496	4.204110912382091	4.251595680236339	5.818527909527378	1.0	1.0	1.0	0.0	112.59165103891362	0.0	0.0	275949.0	0.0	0.0	151.2474607031761	32.709919521631285	79.80565229756783	450.9842529296875	469.546630859375	9834.0	220.78874588012695	588.0515716552734	125.56643676757812	0.11133282464564287	68.12631396536852	724.0884399414062	722.5179443359375	18661.0	607.6788330078125	846.5269165039062	71.35856628417969	1.021400564383372	40.82576503288384	1000.0104370117188	999.971435546875	247454.0	926.9052215576172	1072.678076171875	44.90901184082031	0.16260823607444763	0.43860676884651184	0.48255419731140137	0.8855352614984277
sub-c07_T1w	0.40335921584400297	1.4999876407444668	0.9553490942166176	5.89735221862793	3.1948566666666665	3.29309	3.31691	2.97457	0.17406734414384764	0.4215899069214908	0.4043427489346616	0.8549970984458923	0.19199365377426147		0.0	15.744230261577295	7.2081519387299515	9.352834656882308	176	208	147	3.0760989340875686	10.086182056793676	11.906828126076029	22.55820338734684	1.7340103527421877	2.926261243580724	2.8996977610132126	4.038821686716725	1.0	1.0	1.0	0.0	162.20749305906725	0.0	0.0	207660.0	0.0	0.0	163.0955409565959	7.701637620257481	140.3206897003921	401.4942626953125	429.32965087890625	4629.0	181.57208251953125	579.2048095703125	139.554443359375	0.040707354077702096	70.5320586724047	725.8665771484375	724.523193359375	14130.0	609.22548828125	848.4673278808593	71.83070373535156	0.9005407427125354	40.578363026939364	999.9081420898438	999.9859008789062	188901.0	927.4638671875	1071.6766357421875	44.32902908325195	0.1759902983903885	0.4326370060443878	0.4893104135990143	0.8681144297611827
sub-c08_T1w	0.39800204849434395	1.4560668248519815	0.9538933741969416	24.77048683166504	3.2034033333333336	3.26074	3.35712	2.99235	0.1632551177742913	0.45336092579086357	0.38338395643484513	1.0905004739761353	0.16571282744407667		0.0	34.68535473258992	14.022977159462815	18.963025927869438	176	256	256	2.9461393199109622	13.939724565733572	12.859843314787677	21.693666058718495	1.6233738438679037	3.1629199099267087	2.986190640908273	4.172278168930205	1.0	1.0	1.0	0.0	157.018442934443	0.0	0.0	218181.0	0.0	0.0	150.07195017427526	11.271316470163127	141.17333981049154	415.24957275390625	389.0787353515625	13247.0	257.8130279541016	605.2778198242188	132.05894470214844	-0.12458347105678635	54.83745998623015	757.942626953125	758.0662231445312	21595.0	668.2043579101562	847.5157836914062	54.380462646484375	0.7274061049115503	41.44553691975792	999.007080078125	999.9820556640625	183339.0	920.0566284179688	1073.0076293945312	46.09545135498047	0.18239067494869232	0.4485405683517456	0.49758896231651306	0.9089130469313157
sub-c09_T1w	0.39670178648383086	1.2900597530778517	0.9501989680315754	1.3517991304397583	3.1867633333333334	3.29468	3.30045	2.96516	0.16414427626361303	0.4516219335982007	0.3842337901381863	1.0130701065063477	0.25599693357944475		0.0	22.592771773940772	9.113841585257548	12.171995304404621	176	241	197	2.0958422531248075	12.081180096069925	12.485990713101707	23.280949790110387	2.2523917108283946	5.130786727946122	4.729778780084572	6.806157901479199	1.0	1.0	1.0	0.0	96.25692290298629	0.0	0.0	254517.0	0.0	0.0	175.12873860828986	65.13166720820666	65.74183460997718	365.97406005859375	330.9361267089844	21311.0	243.8691635131836	577.94677734375	157.89755249023438	0.28899078128952826	58.194851802086774	757.9360961914062	753.8487548828125	23218.0	662.09208984375	870.4206481933592	62.39725875854492	0.7464032267494876	39.45586917809581	1000.005859375	1000.0052490234375	209988.0	929.4778228759766	1070.3728515625	42.953697204589844	0.1825585663318634	0.44087716937065125	0.49072736501693726	0.6247951368457317
sub-c10_T1w	0.42408621830711657	0.8845484002412222	0.9503104765837487	1.0773595571517944	3.13412	3.1935	3.27952	2.92934	0.1628584955643629	0.44082982743072535	0.3963116770049117	1.0409018993377686	0.2799632251262665		0.0	31.317469899263596	12.925781529315223	16.666457148427668	176	256	256	1.4017251358948877	11.798673562177271	12.196573188929483	23.38932086871629	1.9582084945476614	4.46790135922952	4.084524578703525	5.827463882333393	1.0	1.0	1.0	0.0	112.42218413446498	0.0	0.0	266046.0	0.0	0.0	252.02272384942094	29.868975640569765	86.49333391729117	394.4422607421875	336.0309143066406	15231.0	237.52781677246094	651.9467468261719	239.71881103515625	0.1889304311104274	60.9386251094176	771.365234375	766.6972045898438	19897.0	669.7173950195313	889.0890502929688	64.98001098632812	0.9436974084032062	38.001771579880085	997.3355102539062	999.999755859375	230918.0	921.6425506591797	1062.110040283203	42.754451751708984	0.18538875877857208	0.42813366651535034	0.4880722165107727	0.5789510349791313
sub-c11_T1w	0.4643235138399598	1.2953404809727207	0.9547735846234473	1.1283743381500244	3.688563333333333	3.65481	3.87778	3.5331	0.19783732416243138	0.4099942916840481	0.3921683841535205	1.0397127866744995	0.28001779019832607		0.0	23.50635197524548	11.867617054696462	14.99737565837941	176	256	256	3.1499241683530084	12.02227363730631	12.500590136813154	22.329572604780147	1.9326075875860114	3.7345150461074743	3.4850161973862974	4.787925958465405	1.0	1.0	1.0	0.0	136.83120056753162	0.0	0.0	299583.0	0.0	0.0	150.44831602042748	22.89730778827614	114.89891196301322	423.67425537109375	403.6427001953125	25207.0	262.86016540527345	614.1949279785156	128.14108276367188	0.19391852560980327	63.385452666014416	783.1092529296875	779.9874877929688	17412.0	681.7830871582031	895.4127349853516	64.87667083740234	1.2938622822832375	38.772436972574354	1000.0631103515625	1000.001953125	256964.0	926.7926086425781	1073.1741943359375	44.783660888671875	0.17002363502979279	0.4303281307220459	0.49421948194503784	0.6200774917888036
sub-c12_T1w	0.4423717345120517	0.923431139822156	0.9501885570735344	1.837783932685852	3.106786666666667	3.20973	3.2022	2.90843	0.17618214296595056	0.4359609306089973	0.3878569264250521	1.1464955806732178	0.2694051623344418		0.0	29.849379662296748	13.215333069595472	17.291647803753268	176	256	256	1.7977030993822263	11.656014888544124	12.70732038384039	24.66824316359482	1.9198753263201573	3.9818043947747053	3.6663283359922616	5.097305286881922	1.0	1.0	1.0	0.0	128.5257800177593	0.0	0.0	245646.0	0.0	0.0	223.6701203115673	22.747787081879682	107.34453152747616	424.4007873535156	376.6444396972656	19354.0	254.16430587768554	675.9613342285153	209.50885009765625	0.4308105513270206	60.855102047425376	788.3237915039062	781.1572265625	15221.0	690.2312622070312	914.4675903320312	67.01531982421875	0.9737055455718266	35.953918216483416	999.1705322265625	999.9981079101562	211071.0	930.6150817871094	1063.7838745117188	40.537776947021484	0.17567364871501923	0.4368085563182831	0.4850526452064514	0.5582417854809681
sub-c13_T1w	0.46544823452618395	0.9034848469372391	0.9595941566723141	2.3291778564453125	3.08461	3.22268	3.11833	2.91282	0.16033223227426108	0.4819784569562791	0.3576893107694598	1.0297589302062988	0.18818176984786983		0.0	31.73771957752523	12.18860650093227	18.221741842472923	176	256	256	2.1126617449186966	12.77539314941751	12.779544889270873	23.450579773476413	1.5085293597444542	2.622195407813341	2.4909005379997406	3.341976846441427	1.0	1.0	1.0	0.0	196.02950325075327	0.0	0.0	230150.0	0.0	0.0	226.3510522046172	44.25138882430452	182.1480075503182	463.0834045410156	451.3812255859375	11708.0	250.45480346679688	683.4059509277342	213.64610290527344	-0.048623554178695905	60.73280365275311	787.8134765625	784.6116943359375	33414.0	691.2236999511719	895.3922698974609	61.41493606567383	0.6593373631059531	39.511973510094926	1000.4896850585938	999.9842529296875	185028.0	931.6445526123047	1071.4930236816406	42.64208221435547	0.17289656400680542	0.4522641599178314	0.48451778292655945	0.8948756038516331
sub-c14_T1w	0.39497406138111774	0.9154888474692269	0.9524004524841537	1.1775319576263428	3.24428	3.391	3.30552	3.03632	0.1706997895576145	0.4394850032757562	0.3898152071666293	1.0290772914886475	0.22051543295383458		0.0	29.754695768226124	13.024411144213037	17.312991632241708	176	256	256	1.663988601242627	12.51968423872143	12.679946929278728	23.856167947872127	1.7852241731320675	3.319857194525958	3.1640858531014686	4.387176191646382	1.0	1.0	1.0	0.0	149.3289237395232	0.0	0.0	255319.0	0.0	0.0	255.35562483786563	26.01505121369762	132.09846410963496	459.8305358886719	406.91619873046875	12664.0	258.4961898803711	727.8802215576168	244.5330047607422	0.1460421493112527	58.82765437252193	758.4349975585938	756.7137451171875	18275.0	660.9086730957031	860.2085998535156	60.44026565551758	1.017601350278838	37.2616468517821	997.8021850585938	999.9937744140625	224380.0	924.0660949707031	1061.696795654297	41.91752624511719	0.17495810985565186	0.44376012682914734	0.5016344785690308	0.6069684259729726
sub-c15_T1w	0.4288076739629667	0.7805294568931354	0.9486500725890337	1.4178590774536133	3.14044	3.26247	3.20357	2.95528	0.17209753375627337	0.41967677265246794	0.4082256935912587	0.9757944941520691	0.2383137047290802		0.0	27.442403962691678	12.288987510384606	15.086562354249397	176	256	256	1.6511168494577535	12.255365462816016	12.648550417165211	24.039168939221863	1.7548509498898612	3.013074212148431	2.890674701392752	3.904098942139963	1.0	1.0	1.0	0.0	167.8070631950105	0.0	0.0	294043.0	0.0	0.0	282.49330286754383	24.01183734681441	152.05373435685186	479.2625732421875	449.4886779785156	17115.0	248.23458709716797	696.5565429687499	272.22515869140625	0.06841094220906774	60.113619956456446	774.8421630859375	771.7708129882812	15463.0	673.3888000488281	885.0380981445312	62.97208023071289	0.7943168212799869	37.75215254791306	998.7063598632812	999.9984741210938	261465.0	927.6961181640625	1064.27509765625	41.5986328125	0.17166262865066528	0.4147455096244812	0.4905599355697632	0.5573014349963047
sub-c16_T1w	0.42693520680812963	1.0725974173050257	0.9529339846430923	1.2231931686401367	3.104703333333333	3.19962	3.21418	2.90031	0.16703219986476017	0.42004919460450274	0.4129186055307371	1.0588080883026123	0.25159668922424294		0.0	32.41528446735862	13.957978652361389	16.94255175341165	176	256	256	2.076013265465293	12.535725501622306	12.635343972407346	23.29429315013444	1.8346705873856142	3.769634614987274	3.490858673328608	4.868270817612937	1.0	1.0	1.0	0.0	134.5726403101908	0.0	0.0	239868.0	0.0	0.0	196.4926697086927	32.506497596957516	115.21011002389218	420.88525390625	376.8627014160156	12938.0	249.51349105834962	645.3502166748046	181.52491760253906	0.21370435694530343	58.04789464859232	777.4702758789062	774.3268432617188	12852.0	679.1236083984375	885.2568054199219	61.76720428466797	0.8154338005559172	38.29971273005279	998.563720703125	999.99951171875	214078.0	924.6139251708985	1066.601580810547	42.92884826660156	0.1697087585926056	0.41234683990478516	0.4803013205528259	0.6752020703802369
sub-p01_ses-acute_T1w	0.5336982644912953	0.5205459975857529	0.9408715871052246	11.510492562226519	3.104013333333333	3.187	3.237	2.88804	0.19407189357779633	0.44027343347241765	0.365654672949786	0.9948568344116211	0.20503956079483032	0.0	0.001921950717552503	29.076454127523487	13.368186427650233	18.126177407135415	192	256	256	1.2746219524341063	11.027095157082709	10.629368041266135	19.58638701428159	2.524961896327691	3.7239401110582833	3.682925501574788	4.79987449733839	1.0	1.0	1.0	0.0	136.4903103753589	0.0	0.0	256075.0	0.0	0.0	421.75703860624	2.4523016786209846	105.88473101135482	665.6765696924225	526.0474684648216	27476.0	323.06888482067734	1667.0509819174185	412.70111072482496	-0.16477870594289712	71.26164765550052	778.1767964453466	775.8411210030317	48986.0	664.7569855302572	897.994829416275	70.35698802831062	0.532678484737469	48.371542651006415	1003.8994953229684	999.9999730475247	179613.0	927.1738352812827	1093.897140007466	51.055725006949984	0.12661153078079224	0.35628947615623474	0.3872837424278259	0.5618065026245267
sub-p01_ses-followup_T1w	0.4670144071580571	1.5483238307913065	0.9415662812740174	0.9296115040779114	3.550533470908411	3.427820204314006	3.72722	3.4965602084112293	0.2495385161694267	0.35714169647788535	0.3933197873526879	1.0810058116912842	0.29792596995830545	0.0	0.0	24.7057200444066	15.721819472291726	17.616193690749867	256	256	176	4.506217547762573	12.245965770776138	11.334208479816034	17.25044212090939	2.272881977984333	4.277278946779169	4.043294369001181	5.579722182240042	0.9999999403953552	1.0	0.9999999403953552	0.0	117.41333296744834	0.0	0.0	279284.0	0.0	0.0	124.29719758370041	0.5505147064149414	88.30097929795937	414.4953308105469	407.3451843261719	70733.0	277.92186279296874	572.9447143554687	90.39561462402344	0.17621442029489343	59.35408493930393	764.9854125976562	766.5725708007812	7802.0	658.7278198242187	866.1431854248046	62.593955993652344	2.6556937341903986	49.65803474327329	1003.5756225585938	999.9960327148438	200749.0	916.6833740234375	1101.5876708984374	57.969154357910156	0.10045371949672699	0.3297746181488037	0.3763406574726105	0.7207475174903835
sub-p02_ses-acute_T1w	0.3942249569340809	1.7811604019050338	0.9566798068509359	16.70498275756836	3.48877	3.60999	3.5921	3.26422	0.19619474876265824	0.46916814646080857	0.3346371047765332	0.8712527751922607	0.16694441437721252		0.0	27.136959516122726	12.630491161296037	19.881789935391904	192	256	256	4.933447846367606	12.98249503479563	13.389717805246269	22.25321053457557	2.607485122618945	4.057884474821563	4.031937257448356	5.430442174904562	1.0	1.0	1.0	0.0	120.63996985720841	0.0	0.0	225864.0	0.0	0.0	121.67156898163653	-0.15388513066827514	97.23916855771166	468.650390625	480.1548767089844	17615.0	299.1601135253906	616.4446289062499	97.32366943359375	-0.03971374676286654	58.019751991734694	747.892333984375	747.2384033203125	41026.0	653.6533355712891	843.2257080078125	57.556678771972656	0.6261246103582678	41.6203652575358	1000.906982421875	999.98779296875	167223.0	928.9415832519531	1076.6322998046874	44.93665313720703	0.15426108241081238	0.44563043117523193	0.4613302946090698	0.906688765040113
sub-p02_ses-followup_T1w	0.38736747960639545	1.0035071916979628	0.9458262534646938	31.200786590576172	3.1206333333333336	3.29998	3.19954	2.86238	0.18931936272442626	0.43934939616431784	0.37133124111125587	0.9735810160636902	0.15615610778331757		0.0	27.243436118529157	12.660036017425488	17.581200084746545	176	256	256	1.5361535237080979	13.271238695918028	11.968475780715153	21.09803512251933	1.6407801012089993	3.4527975005242397	3.2406577472639824	4.6283956400587085	1.0	1.0	1.0	0.0	141.5467710986063	0.0	0.0	213133.0	0.0	0.0	242.1938770088804	49.74906984793967	122.95051704089244	404.1470031738281	354.501953125	13060.0	231.41143341064452	619.3247924804684	230.76364135742188	0.12777478283440535	55.455014847081685	747.8787841796875	746.0009155273438	11250.0	658.1141815185547	842.3192077636718	56.209354400634766	0.6877258250810274	42.93483546176019	1001.8855590820312	999.9970703125	188823.0	927.4843078613281	1084.260205078125	47.39751434326172	0.16741923987865448	0.42965462803840637	0.4964625835418701	0.8803425121636044
sub-p03_ses-acute_T1w	0.4816852929895446	1.4437721023591594	0.9577578959507825	5.111700057983398	3.393003333333333	3.50824	3.46504	3.20573	0.17775283997953195	0.4702677149753632	0.35197944504510487	0.8725916147232056	0.17428515553474422		0.0	30.466616510571328	12.892777294921931	19.14215052864725	176	256	256	3.550998184518123	11.929597973911676	12.459004956393855	21.896418710751764	1.741362764810677	3.387376454356304	3.1728578255297872	4.389834257422381	1.0	1.0	1.0	0.0	149.23965207268319	0.0	0.0	201652.0	0.0	0.0	136.92265699252056	0.08082887046004172	126.28994642142354	400.27056884765625	396.68133544921875	17213.0	230.54363708496095	584.3110229492188	111.7065658569336	-0.21195110294266817	66.69524629052985	771.2951049804688	771.6422119140625	30838.0	664.7111572265625	877.9343780517577	64.68195343017578	0.41718129349587896	43.30204736378019	1002.5455322265625	1000.00146484375	153601.0	931.820556640625	1081.9798583984375	45.66948699951172	0.18803691864013672	0.45407983660697937	0.4756222069263458	0.9007915253820042
sub-p03_ses-followup_T1w	0.34822698241884	1.973479148371159	0.9292945609531542	28.239015579223633	3.16564	3.34734	3.25474	2.89484	0.19996809787588155	0.4450710851383175	0.35496081698580095	0.9874323606491089	0.1530711293220519		0.0	33.601050862383744	16.04356230093745	23.169110455811747	192	256	256	4.354200292062218	12.844669785453986	11.87553033869593	18.427720938571586	2.355643451067406	3.7503026443325593	3.8073637098538526	5.3161450341615915	1.0	1.0	1.0	0.0	123.23358680797305	0.0	0.0	154924.0	0.0	0.0	127.72890140425422	1.2127007528270202	99.44196489282686	428.9041748046875	443.10528564453125	4734.0	256.56543426513673	579.1384887695312	101.7542724609375	-0.04262402253310249	55.631698247449854	704.6246948242188	705.4458618164062	9583.0	612.9656799316406	792.6794921874999	54.918426513671875	0.8638440653135437	46.93534580587116	996.980224609375	999.9866333007812	140607.0	898.2748657226563	1080.6564208984373	54.26515197753906	0.13837440311908722	0.4164128303527832	0.4633854627609253	0.9035209796348402
sub-p04_ses-acute_T1w	0.499747644717665	0.6659212754246495	0.9567622043783924	5.913939952850342	3.128343333333333	3.13277	3.16661	3.08565	0.18332160681006981	0.46076427714078144	0.35591411604914874	0.9377851486206055	0.15430101156234732		0.0	25.467009852885234	11.173450554294057	16.42758761282246	176	256	256	1.1464995641617564	10.576764286564744	10.644890773763828	20.211408470564987	1.4081081182539643	2.734693928192199	2.5823973093232406	3.604389881523558	1.0	1.0	1.0	0.0	181.7591107050958	0.0	0.0	263023.0	0.0	0.0	351.69935496111157	5.810183749204176	159.45355640681717	484.57745361328125	390.661376953125	17536.0	216.18181228637695	1394.1354675292969	340.7330017089844	-0.19471457964021788	73.34709353046021	758.5782470703125	758.7054443359375	43665.0	640.6944091796875	876.8087646484374	71.73240661621094	0.5490195505681386	47.23496103691804	1000.984130859375	999.9913330078125	201822.0	922.135775756836	1083.322509765625	49.47645568847656	0.16506680846214294	0.43560996651649475	0.45539766550064087	0.7235419690770131
sub-p04_ses-followup_T1w	0.4427637916352903	1.5747569743041658	0.9298163837798752	3.5027167797088623	3.2510166666666667	3.43213	3.31798	3.00294	0.22230341946384352	0.4292752129498248	0.3484213675863317	1.007278561592102	0.15525335073471058		0.0	24.009939556749497	12.912526757350033	19.100401238220815	176	256	256	3.6015724601068326	10.902512023922517	11.488128553651078	19.960301176923885	1.86649238362049	3.4214923062887155	3.300271933035063	4.612831109195983	1.0	1.0	1.0	0.0	142.02532917577312	0.0	0.0	207074.0	0.0	0.0	140.56730408887165	-0.1999241149942823	115.94808559411116	401.70953369140625	404.632080078125	9098.0	212.0692108154297	581.972201538086	112.3425521850586	0.02636075617955047	66.89975562975243	739.5238647460938	741.7365112304688	22698.0	622.9741333007812	848.2096221923828	68.03204345703125	0.5473164522701635	47.4516413965501	999.9429321289062	1000.0037841796875	175278.0	917.897738647461	1081.4451782226563	50.099491119384766	0.14512421190738678	0.41811132431030273	0.4656934440135956	0.888573909382936
sub-p05_ses-acute_T1w	0.41004324551397886	0.48708780760112425	0.9604349395862464	8.610278129577637	3.2016299999999998	3.31827	3.27159	3.01503	0.14132796116838653	0.4670443555409914	0.3916276832906221	1.2390838861465454	0.32090654969215393		0.0	38.94749897352892	13.155344481141881	17.127056704216123	176	256	256	0.8526139808971918	12.424657618382831	10.09982256087052	17.022196083331533	1.6388824562479234	2.5855106177268397	2.5892808960943534	3.543449614308298	1.0	1.0	1.0	0.0	184.88875143682372	0.0	0.0	240372.0	0.0	0.0	548.7696936787129	3.5066896791565645	167.42935276835402	673.2023315429688	462.51580810546875	12559.0	251.4407470703125	1858.6179321289055	542.4464111328125	0.1930587663351111	57.31066562795235	731.5008544921875	729.6676635742188	38513.0	638.082666015625	831.2541259765625	58.72662353515625	0.7454171858283654	53.542038107628045	1001.0601806640625	1000.0115966796875	189300.0	906.3578704833984	1099.8560974121094	58.747352600097656	0.14403299987316132	0.43950018286705017	0.47719165682792664	0.7057955871687681
sub-p05_ses-followup_T1w	0.5031960814831224	1.480647184256997	0.9425437010303395	1.3912051916122437	3.4825466666666665	3.50904	3.70746	3.23114	0.23379861023391918	0.42055943248870115	0.34564195727737973	1.0948160886764526	0.3177209496498108		0.0	26.405265572727295	14.507837154541443	20.584174197756937	176	256	256	4.191214526700172	11.311925936728361	10.091303268213704	14.770769341212578	2.0704455807616275	3.489428152331759	3.4094450736647777	4.668461487900947	1.0	1.0	1.0	0.0	140.33262540376674	0.0	0.0	173359.0	0.0	0.0	141.93263677149466	0.03168317301586043	107.77063035538072	441.059814453125	443.4970703125	9203.0	261.2623809814453	608.5014038085935	105.81013488769531	0.09219768911871595	64.88131179522627	747.4147338867188	747.4483642578125	10501.0	638.173095703125	857.2310791015625	66.07299041748047	0.7385411398809256	62.202510923984725	1002.1593017578125	1000.0016479492188	153655.0	894.5989196777343	1117.8188598632812	67.701171875	0.14701473712921143	0.4335343539714813	0.47509053349494934	0.7054864655249803
sub-p06_ses-acute_T1w	0.3489867567623893	0.517686031118512	0.9395159084616073	9.245838165283203	3.3495033333333333	3.5149	3.44251	3.0911	0.14580536830163016	0.46574043898684964	0.38845419271152015	0.9621722102165222	0.12945790290832515		0.0	38.866825626922086	13.607017154529164	19.089018592374877	176	256	256	2.5988687656588585	10.404797050408002	11.585972887856938	21.754252847503952	1.8557226717362127	0.8496967730816527	1.3106079726306332	1.2264044730740344	1.0	1.0	1.0	0.0	534.181044545502	0.0	0.0	223166.0	0.0	0.0	587.7852386887128	-0.7444013175669157	528.493124909835	1411.9947509765625	1513.107666015625	10380.0	383.62081451416014	2177.126586914062	582.1897583007812	0.18021166179546144	65.82676028026938	693.2953491210938	692.8204956054688	27049.0	585.0137817382813	803.6475097656249	66.58541107177734	0.801559650637834	41.36717183667528	999.9193115234375	999.9780883789062	185737.0	923.9721435546875	1074.99951171875	45.96689224243164	0.126200333237648	0.4212198555469513	0.47761479020118713	0.6431918256447551
sub-p06_ses-followup_T1w	0.3370788614408794	1.7280679144996094	0.928877129529407	7.962448596954346	3.2173133333333332	3.39342	3.29609	2.96243	0.1993538171474582	0.42073691272140307	0.37990927013113873	0.9022980332374573	0.1418184995651245		0.0	28.994018190977418	14.718845896316289	20.13905153972876	176	256	256	3.163147798498904	11.290103551417637	12.048110942920692	21.691081478845536	2.183207090427002	3.625436728512639	3.6585984383437524	5.167151496091616	1.0	1.0	1.0	0.0	126.78633135112383	0.0	0.0	199904.0	0.0	0.0	154.34865743548352	25.451335778632657	104.32677452464482	420.4073791503906	422.5086975097656	3619.0	224.4636245727539	584.9924438476561	133.55377197265625	0.4223994189998299	58.451483875553684	702.3872680664062	701.6185302734375	11269.0	600.4367431640625	806.4134887695312	62.14180374145508	0.8141711926720565	42.12032724833435	998.8223266601562	999.9813842773438	185016.0	921.4375457763672	1072.0666198730469	46.100914001464844	0.14622050523757935	0.4250955879688263	0.5004482269287109	0.9007490345138465
sub-p07_ses-acute_T1w	0.36794918190036763	0.5177114379531695	0.9419321126314911	13.335179328918457	3.066889880407666	3.009639641222997	3.00344	3.18759	0.13314354339532247	0.508292479875006	0.35856397672967155	1.11537766456604	0.15396475791931152		0.0	37.45588172875058	11.767445775492309	18.199454459089992	176	256	256	0.5460909857244751	9.345844688075559	9.819195579226228	19.56565106387865	1.2936197264993152	2.5468241289867835	2.5459393508510497	3.7973741970670503	1.0000001192092896	1.0	1.0	0.0	172.51921700273715	0.0	0.0	260248.0	0.0	0.0	629.960209737424	2.531538445817877	148.8371236934269	583.3439331054688	340.65313720703125	9315.0	177.56006927490233	2201.078710937498	623.7694091796875	-0.06095354678549336	72.18926300154303	671.3758544921875	670.66357421875	63132.0	553.7554901123046	790.3245391845703	71.76004791259766	0.38309895692009244	48.98062017981303	1000.745361328125	999.9750366210938	187801.0	918.2473754882812	1085.608642578125	51.10856628417969	0.1614290028810501	0.4464901387691498	0.4667203426361084	0.5964049067708174
sub-p07_ses-followup_T1w	0.40395772884376835	1.702196532533587	0.9213124667010203	1.5600221157073975	3.2524	3.31499	3.38992	3.05229	0.21525399383164848	0.40090064252265134	0.3838453636457002	0.9756696224212646	0.18731100559234626		0.0	26.748545567544078	14.656649420417876	19.27067493529629	176	256	256	3.732085795699858	10.26660170424428	11.712409648756648	21.138541446325807	1.9207656079265674	3.295899574536507	3.263857597248587	4.574907609282687	1.0	1.0	1.0	0.0	143.20029087758144	0.0	0.0	209764.0	0.0	0.0	140.75892669131437	-0.23664623001412632	117.55925269920989	406.3269958496094	419.8426513671875	3661.0	213.41700744628906	575.0109252929688	112.4800796508789	0.06438810686042684	68.90037276524016	720.1143188476562	720.420654296875	8455.0	603.9317749023438	836.3143127441405	70.1671371459961	0.619491821077427	44.03276104263961	999.4539184570312	999.9873657226562	197648.0	920.8105285644531	1075.8447570800781	47.306236267089844	0.1372837871313095	0.39407286047935486	0.4786951243877411	0.8717251262460266
sub-p08_ses-acute_T1w	0.4358911795754265	1.6293524369531336	0.9460756960556477	8.185510635375977	3.44698	3.4164	3.65382	3.27072	0.2199681691357876	0.43657031161074317	0.34346151925346924	0.986090898513794	0.2027125209569931		0.0	25.05266557197592	13.356809210101325	20.325917520655295	176	256	256	2.952068547441291	9.65937964465998	10.750009484821037	19.63858026236184	1.6108379909430295	3.1174306126964226	3.03795206643414	4.385587595662969	1.0	1.0	1.0	0.0	149.3841367855226	0.0	0.0	230011.0	0.0	0.0	153.2585993888766	34.528979572397276	118.20972360968187	366.76580810546875	367.3031311035156	16260.0	186.1963912963867	546.2830871582031	124.41846466064453	-0.29968603415230977	77.13739361129063	710.4668579101562	710.8362426757812	39105.0	588.9965698242188	830.0080932617187	73.58931732177734	0.3872648544411179	48.907096357636775	1000.3911743164062	1000.0012817382812	174646.0	917.4842376708984	1084.4690551757812	50.92009735107422	0.1730341911315918	0.4287826120853424	0.47909456491470337	0.8893018912161776
sub-p08_ses-followup_T1w	0.3808842955849815	1.0930493652719726	0.9330303027289294	2.7123894691467285	3.2367866666666667	3.29995	3.40046	3.00995	0.19300638874376386	0.39956466334671303	0.4074289479095231	0.9630104303359985	0.17043751478195202		0.0	29.4151626402403	15.22927543707497	18.746400091509248	176	256	256	1.8348707986097552	10.86395581369998	11.498213526332302	21.79581396668717	1.9260488542035048	3.3066689680107664	3.273775865090178	4.5886097730562625	1.0	1.0	1.0	0.0	142.77168343887314	0.0	0.0	235867.0	0.0	0.0	242.5293985972405	31.13569052740025	120.47387274656383	434.7368469238281	419.7373962402344	4067.0	209.95873260498047	611.8361389160154	228.7277069091797	0.22776103736766462	63.41499793117202	721.7474975585938	720.611328125	8751.0	612.5141296386719	833.3999938964844	66.3266830444336	0.568466218278564	42.99229715663025	998.6672973632812	999.9804077148438	223049.0	920.9055419921875	1071.2998046875	45.87936782836914	0.1562403291463852	0.4139900803565979	0.5208083987236023	0.8472538101743576
